year,lga_name,total_incidents,avg_crime_rate
2024,MELBOURNE,32840,16965.34
2024,CASEY,20421,5071.47
2024,WYNDHAM,17819,5294.88
2024,HUME,16427,6074.76
2024,GREATER DANDENONG,16171,9704.4
2024,BRIMBANK,14119,7124.61
2024,DAREBIN,13982,8771.79
2024,WHITTLESEA,12929,5144.66
2024,FRANKSTON,12892,8932.69
2024,YARRA,12449,12391.91
2024,PORT PHILLIP,11735,10375.51
2024,MONASH,11636,5535.96
2024,MELTON,11471,5340.17
2024,STONNINGTON,10341,8914.41
2024,MARIBYRNONG,9509,10128.07
2024,MORNINGTON PENINSULA,9299,5445.9
2024,WHITEHORSE,8650,4753.65
2024,KNOX,8265,5070.91
2024,MOONEE VALLEY,7905,6052.05
2024,BANYULE,7590,5702.17
2024,BOROONDARA,7136,4007.55
2024,MAROONDAH,6567,5527.16
2024,GLEN EIRA,6519,4057.64
2024,CARDINIA,6427,4940.71
2024,HOBSONS BAY,5973,6293.38
2024,YARRA RANGES,5749,3602.86
2024,BAYSIDE,4382,4079.61
2024,MANNINGHAM,4144,3142.91
2024,NILLUMBIK,1726,2727.55
2023,MELBOURNE,27182,15322.78
2023,CASEY,17009,4337.81
2023,GREATER DANDENONG,14223,8683.57
2023,WYNDHAM,14215,4386.17
2023,HUME,13293,5058.91
2023,BRIMBANK,12961,6611.2
2023,FRANKSTON,10654,7459.43
2023,DAREBIN,10562,6784.3
2023,YARRA,10216,10483.54
2023,MONASH,10204,5012.77
2023,PORT PHILLIP,9838,8983.24
2023,WHITTLESEA,9588,3913.01
2023,MELTON,9262,4494.59
2023,STONNINGTON,8630,7751.38
2023,MARIBYRNONG,7654,8341.14
2023,WHITEHORSE,7387,4135.16
2023,KNOX,7304,4515.16
2023,MORNINGTON PENINSULA,7250,4258.62
2023,MOONEE VALLEY,6127,4844.01
2023,BOROONDARA,6126,3509.86
2023,GLEN EIRA,6065,3867.07
2023,BANYULE,5848,4512.28
2023,MAROONDAH,5436,4628.98
2023,CARDINIA,4963,3909.11
2023,YARRA RANGES,4818,3036.03
2023,HOBSONS BAY,4532,4834.75
2023,BAYSIDE,4360,4181.37
2023,MANNINGHAM,3648,2816.68
2023,NILLUMBIK,1182,1868.36
2022,MELBOURNE,24680,15393.44
2022,CASEY,14942,3941.4
2022,WYNDHAM,13322,4305.78
2022,HUME,12662,5001.15
2022,GREATER DANDENONG,12620,7922.46
2022,BRIMBANK,12116,6265.0
2022,PORT PHILLIP,9530,9155.01
2022,DAREBIN,9275,6158.49
2022,FRANKSTON,9156,6486.21
2022,YARRA,9089,9837.43
2022,WHITTLESEA,8905,3755.12
2022,MONASH,8697,4458.15
2022,MELTON,8514,4404.89
2022,STONNINGTON,8442,7924.97
2022,MARIBYRNONG,6819,7783.8
2022,MORNINGTON PENINSULA,6631,3906.72
2022,KNOX,6407,4015.69
2022,MOONEE VALLEY,5813,4721.45
2022,WHITEHORSE,5803,3361.97
2022,BOROONDARA,5588,3294.19
2022,GLEN EIRA,5379,3542.92
2022,BANYULE,5361,4207.11
2022,MAROONDAH,5231,4518.87
2022,YARRA RANGES,4719,2996.82
2022,HOBSONS BAY,4660,5072.72
2022,CARDINIA,4412,3581.72
2022,BAYSIDE,3738,3656.07
2022,MANNINGHAM,2847,2249.35
2022,NILLUMBIK,1177,1866.3
2021,MELBOURNE,24615,16076.68
2021,CASEY,14324,3875.98
2021,BRIMBANK,12633,6424.72
2021,HUME,12536,5076.95
2021,WYNDHAM,12158,4102.97
2021,GREATER DANDENONG,11643,7272.33
2021,DAREBIN,9539,6346.81
2021,PORT PHILLIP,9411,9098.2
2021,WHITTLESEA,9351,4033.54
2021,YARRA,9255,10112.43
2021,MELTON,8906,4911.05
2021,MONASH,8518,4415.92
2021,FRANKSTON,8343,5924.42
2021,STONNINGTON,8055,7585.46
2021,KNOX,7047,4391.17
2021,MARIBYRNONG,6997,8099.79
2021,MORNINGTON PENINSULA,6419,3766.13
2021,MOONEE VALLEY,6073,4939.41
2021,WHITEHORSE,5688,3324.82
2021,BOROONDARA,5544,3265.23
2021,BANYULE,5404,4242.76
2021,MAROONDAH,5308,4572.91
2021,GLEN EIRA,5258,3490.49
2021,YARRA RANGES,5119,3251.79
2021,CARDINIA,4673,3908.07
2021,HOBSONS BAY,4549,4930.26
2021,BAYSIDE,3322,3246.42
2021,MANNINGHAM,2982,2370.03
2021,NILLUMBIK,1373,2163.91
2020,MELBOURNE,26737,15673.34
2020,CASEY,17339,4763.85
2020,HUME,16126,6618.7
2020,BRIMBANK,15350,7516.66
2020,GREATER DANDENONG,14960,9031.2
2020,WYNDHAM,13196,4593.24
2020,WHITTLESEA,12128,5249.31
2020,DAREBIN,12008,7645.68
2020,YARRA,11374,11766.77
2020,FRANKSTON,10794,7591.2
2020,PORT PHILLIP,10266,9284.28
2020,MELTON,10088,5812.2
2020,MONASH,9856,4908.59
2020,STONNINGTON,9055,8041.03
2020,KNOX,8727,5346.05
2020,MORNINGTON PENINSULA,8093,4755.39
2020,MARIBYRNONG,7330,8197.45
2020,WHITEHORSE,7206,4075.93
2020,BANYULE,6706,5146.82
2020,MOONEE VALLEY,6460,5095.2
2020,YARRA RANGES,6332,3985.5
2020,GLEN EIRA,6266,4051.57
2020,BOROONDARA,6246,3511.45
2020,MAROONDAH,5750,4860.73
2020,CARDINIA,5724,4913.09
2020,HOBSONS BAY,4486,4712.53
2020,BAYSIDE,4093,3897.43
2020,MANNINGHAM,3425,2676.05
2020,NILLUMBIK,1630,2534.13
2019,MELBOURNE,26965,15960.15
2019,CASEY,16785,4768.38
2019,HUME,15862,6739.18
2019,BRIMBANK,15135,7319.69
2019,GREATER DANDENONG,14676,8825.23
2019,WYNDHAM,13217,4837.83
2019,WHITTLESEA,12073,5340.33
2019,DAREBIN,11422,7261.38
2019,YARRA,11063,11459.02
2019,FRANKSTON,11034,7772.06
2019,PORT PHILLIP,9795,8762.59
2019,MONASH,9078,4544.41
2019,MELTON,9073,5481.02
2019,STONNINGTON,9056,7957.82
2019,KNOX,8767,5368.38
2019,MORNINGTON PENINSULA,8656,5134.23
2019,WHITEHORSE,7270,4133.92
2019,BANYULE,7047,5395.58
2019,MARIBYRNONG,6920,7735.3
2019,MOONEE VALLEY,6487,5131.88
2019,BOROONDARA,6177,3438.1
2019,YARRA RANGES,6159,3879.81
2019,MAROONDAH,6000,5086.25
2019,GLEN EIRA,5689,3695.69
2019,CARDINIA,5116,4567.78
2019,HOBSONS BAY,4999,5217.18
2019,BAYSIDE,3990,3795.37
2019,MANNINGHAM,3819,3010.1
2019,NILLUMBIK,1655,2567.32
2018,MELBOURNE,26888,16459.05
2018,CASEY,15964,4721.86
2018,HUME,15534,6887.9
2018,BRIMBANK,14550,7029.77
2018,GREATER DANDENONG,14061,8527.24
2018,WHITTLESEA,11778,5339.05
2018,DAREBIN,11612,7391.33
2018,YARRA,11306,11838.25
2018,FRANKSTON,11301,7984.82
2018,WYNDHAM,11295,4394.77
2018,PORT PHILLIP,9954,8989.19
2018,STONNINGTON,8331,7350.45
2018,MONASH,8215,4148.78
2018,MORNINGTON PENINSULA,8137,4885.21
2018,KNOX,8062,4962.48
2018,MELTON,8045,5123.58
2018,BANYULE,7160,5522.77
2018,MARIBYRNONG,6961,7832.7
2018,MOONEE VALLEY,6692,5332.82
2018,WHITEHORSE,6260,3588.81
2018,MAROONDAH,5910,5045.89
2018,BOROONDARA,5613,3129.01
2018,YARRA RANGES,5540,3510.35
2018,GLEN EIRA,4980,3267.95
2018,HOBSONS BAY,4816,5061.48
2018,CARDINIA,4500,4207.77
2018,BAYSIDE,3679,3516.44
2018,MANNINGHAM,3345,2674.05
2018,NILLUMBIK,1647,2551.83
2017,MELBOURNE,26513,17000.31
2017,CASEY,15099,4646.62
2017,HUME,15040,6954.95
2017,GREATER DANDENONG,13640,8372.0
2017,BRIMBANK,13233,6420.17
2017,DAREBIN,11451,7315.76
2017,WHITTLESEA,11335,5286.21
2017,WYNDHAM,10850,4491.4
2017,FRANKSTON,10703,7612.32
2017,YARRA,10558,11172.13
2017,PORT PHILLIP,9680,8838.33
2017,MORNINGTON PENINSULA,8460,5152.63
2017,KNOX,8426,5216.53
2017,MONASH,8162,4171.39
2017,MELTON,8049,5412.51
2017,STONNINGTON,7911,7054.95
2017,BANYULE,7419,5766.36
2017,MOONEE VALLEY,6682,5374.8
2017,WHITEHORSE,6508,3775.47
2017,MARIBYRNONG,6463,7334.32
2017,MAROONDAH,6306,5425.78
2017,BOROONDARA,5756,3221.94
2017,YARRA RANGES,5715,3647.19
2017,GLEN EIRA,5350,3550.05
2017,HOBSONS BAY,4915,5198.69
2017,CARDINIA,4338,4242.21
2017,BAYSIDE,3818,3683.02
2017,MANNINGHAM,3697,2978.43
2017,NILLUMBIK,1852,2875.15
2016,MELBOURNE,28242,19331.12
2016,CASEY,18214,5823.09
2016,HUME,17657,8528.26
2016,GREATER DANDENONG,15459,9648.49
2016,BRIMBANK,15086,7388.22
2016,DAREBIN,13231,8529.2
2016,WHITTLESEA,13070,6312.24
2016,FRANKSTON,12483,8948.26
2016,WYNDHAM,12371,5449.59
2016,YARRA,11287,12150.41
2016,PORT PHILLIP,10483,9650.46
2016,STONNINGTON,9195,8283.56
2016,KNOX,9160,5712.4
2016,MORNINGTON PENINSULA,9117,5644.22
2016,MELTON,9064,6409.28
2016,MONASH,8944,4643.22
2016,MOONEE VALLEY,7772,6325.33
2016,BANYULE,7465,5857.34
2016,MARIBYRNONG,7193,8273.33
2016,BOROONDARA,7076,3991.52
2016,MAROONDAH,6777,5903.31
2016,YARRA RANGES,6445,4152.01
2016,WHITEHORSE,6346,3740.84
2016,GLEN EIRA,5644,3798.55
2016,CARDINIA,5378,5511.77
2016,HOBSONS BAY,5340,5714.59
2016,BAYSIDE,4190,4071.44
2016,MANNINGHAM,3954,3225.91
2016,NILLUMBIK,2276,3546.61
2015,MELBOURNE,24857,18160.76
2015,CASEY,15176,5066.64
2015,HUME,14867,7501.92
2015,BRIMBANK,14806,7371.3
2015,GREATER DANDENONG,13491,8644.7
2015,DAREBIN,11477,7551.95
2015,WYNDHAM,11314,5291.49
2015,FRANKSTON,10919,7924.38
2015,WHITTLESEA,10379,5272.62
2015,YARRA,10057,11184.01
2015,PORT PHILLIP,9792,9204.65
2015,MELTON,8373,6206.13
2015,MORNINGTON PENINSULA,8135,5121.8
2015,STONNINGTON,7791,7212.02
2015,MONASH,7523,3976.76
2015,KNOX,7345,4628.23
2015,MOONEE VALLEY,6976,5802.16
2015,MARIBYRNONG,6908,8147.86
2015,BANYULE,6850,5432.71
2015,BOROONDARA,5908,3380.77
2015,MAROONDAH,5793,5125.51
2015,WHITEHORSE,5768,3460.54
2015,YARRA RANGES,5442,3547.8
2015,HOBSONS BAY,5366,5853.35
2015,GLEN EIRA,5131,3516.21
2015,CARDINIA,4675,5065.12
2015,BAYSIDE,3627,3581.59
2015,MANNINGHAM,3352,2775.18
2015,NILLUMBIK,1944,3053.0
